product_code,product_brand,price
RB5445,Ray-Ban,N/A
OX3227 Fuller™,Oakley,N/A
RB5430 Bernard Optics,Ray-Ban,N/A
SK1025,Swarovski,N/A
RA7158U,Ralph by Ralph Lauren,N/A
OX8173 Activate,Oakley,N/A
RB6238 Optics,Ray-Ban,N/A
MK4058 Caracas,Michael Kors,N/A
RB5586 Doreen Optics,Ray-Ban,N/A
FZ8014D,Scuderia Ferrari,N/A
RB5268 Optics,Ray-Ban,N/A
OX8149 Pitchman™ R Carbon,Oakley,N/A
RB3768V,Ray-Ban,N/A
TY2132U,Tory Burch,N/A
RB7553 Optics,Ray-Ban,N/A
OX8191 Kylian Mbappé Signature Series Enigma Mass,Oakley,N/A
EA3266U,Emporio Armani,N/A
OX5113 Lizard™,Oakley,N/A
MK4119U Nassau,Michael Kors,N/A
OX8199D Versafuse SS,Oakley,N/A
TY2142U,Tory Burch,N/A
SK2043,Swarovski,N/A
MK4054 CaptIVa,Michael Kors,N/A
RL6133,Ralph Lauren,N/A
FZ7002,Scuderia Ferrari,N/A
EA3227,Emporio Armani,N/A
